"","Estimate","Std. Error","t value"
"Intercept",55.7083197727008,0.120338790706638,462.929030993063
"ASCII_5kmb29.WeatheringIndex",0.790025251458485,0.0524606965532171,15.0593740336076
