"surface","mean"
"ASCII_5kmb29",0.712620277250088
"WeatheringIndex",0.287379722749912
