"","Estimate","Std. Error","t value"
"Intercept",48.9545391564968,0.22657309311692,216.065105008893
"ASCII_5kmb29.PersistForest.VRM",1.85732709594885,0.0175660798670229,105.733727161041
