"surface","mean"
"ASCII_5kmb29",0.182885364982344
"PersistForest",0.0101994405185994
"VRM",0.806915194499056
