,Estimate,Std. Error,t value
Intercept,6.358269532,0.041280955,154.0242855
CoarseFrags,0.143073734,0.009594799,14.91159244